,City,Lat,Lng,Max Temp,Humidity,Cloudiness,Wind Speed,Country,Date
0,Saint Paul Harbor,57.79,-152.41,53.6,66,1,4.23,US,1599972485
1,Zhigalovo,54.81,105.16,49.77,90,100,2.28,RU,1599972487
2,Qaanaaq,77.48,-69.36,23.99,85,97,9.1,GL,1599972488
3,Kruisfontein,-34.0,24.73,62.01,80,98,5.01,ZA,1599972489
4,Ixtapa,20.7,-105.2,80.01,88,75,4.7,MX,1599972490
5,Mataura,-46.19,168.86,48.0,97,100,1.99,NZ,1599972491
6,Yantal',56.85,105.25,47.07,87,100,8.08,RU,1599972493
7,Aksu,41.12,80.26,76.1,29,0,3.24,CN,1599972494
8,Puerto Ayora,-0.74,-90.35,66.99,93,97,7.0,EC,1599972495
9,Coolum Beach,-26.53,153.1,71.01,75,20,3.0,AU,1599972496
10,Souillac,-20.52,57.52,71.6,83,75,6.93,MU,1599972497
11,Grand Gaube,-20.01,57.66,73.99,75,8,7.0,MU,1599972499
12,Ushuaia,-54.8,-68.3,39.2,86,40,10.29,AR,1599972500
13,Albany,42.6,-73.97,59.0,100,6,8.21,US,1599972487
14,Severo-Kuril'sk,50.68,156.12,50.77,83,73,23.38,RU,1599972502
15,Wawa,9.9,4.42,73.8,93,100,8.05,NG,1599972503
16,Hinton,53.4,-117.59,48.96,87,91,2.24,CA,1599972261
17,Hilo,19.73,-155.09,80.6,61,1,3.36,US,1599972482
18,Hermanus,-34.42,19.23,55.0,86,75,5.99,ZA,1599972507
19,Izhma,65.01,53.91,49.64,77,85,8.28,RU,1599972508
20,Luís Correia,-2.88,-41.67,76.57,83,37,13.56,BR,1599972509
21,Tiksi,71.69,128.87,49.28,65,0,1.41,RU,1599972511
22,Sawākin,19.11,37.33,91.15,57,24,7.74,SD,1599972512
23,Tasiilaq,65.61,-37.64,33.8,74,98,3.18,GL,1599972513
24,Sonthofen,47.52,10.28,53.01,93,0,1.99,DE,1599972514
25,Jamestown,42.1,-79.24,64.99,88,90,13.87,US,1599972516
26,Lima,-12.04,-77.03,60.8,82,90,10.29,PE,1599972258
27,Griffith,41.53,-87.42,66.99,93,40,5.82,US,1599972256
28,Castro,-24.79,-50.01,64.98,44,10,1.88,BR,1599972519
29,Najrān,17.49,44.13,73.4,23,25,1.57,SA,1599972357
30,Mikhaylovka,50.06,43.24,59.0,52,0,4.41,RU,1599972521
31,Nome,64.5,-165.41,51.8,76,40,9.17,US,1599972523
32,Rikitea,-23.12,-134.97,73.2,84,79,8.03,PF,1599972524
33,Morehead,37.27,-87.18,75.2,100,40,3.76,US,1599972525
34,Aygut,40.68,45.17,66.49,56,0,3.06,AM,1599972526
35,Cortez,37.35,-108.59,53.6,66,1,10.29,US,1599972527
36,Hong Kong,22.29,114.16,91.99,69,100,5.99,HK,1599972529
37,Bathsheba,13.22,-59.52,82.4,83,40,8.05,BB,1599972530
38,Hithadhoo,-0.6,73.08,82.67,71,79,7.87,MV,1599972531
39,Sitrah,26.15,50.62,93.2,59,59,3.36,BH,1599972532
40,Puerto Colombia,10.99,-74.95,78.8,100,40,9.17,CO,1599972534
41,Kapaa,22.08,-159.32,82.4,65,20,11.41,US,1599972535
42,Port Alfred,-33.59,26.89,74.79,33,39,10.74,ZA,1599972536
43,Bogo,11.05,124.01,90.09,61,60,1.16,PH,1599972537
44,Saint-Philippe,-21.36,55.77,75.2,69,20,14.99,RE,1599972538
45,Atambua,-9.11,124.89,86.14,35,99,4.68,ID,1599972540
46,Pevek,69.7,170.31,43.7,80,0,1.01,RU,1599972541
47,Inírida,3.87,-67.92,74.23,91,68,2.13,CO,1599972542
48,Novomichurinsk,54.04,39.75,48.0,80,23,1.01,RU,1599972543
49,Punta Arenas,-53.15,-70.92,41.0,86,98,25.28,CL,1599972544
50,Yerbogachën,61.28,108.01,57.43,53,0,5.93,RU,1599972546
51,Sibolga,1.74,98.78,85.73,56,97,4.09,ID,1599972547
52,Thompson,55.74,-97.86,39.2,93,90,4.7,CA,1599972548
53,Hasaki,35.73,140.83,77.0,83,75,10.29,JP,1599972549
54,Sovetskiy,61.36,63.58,48.79,75,39,6.26,RU,1599972551
55,Road Town,18.42,-64.62,81.0,86,13,5.01,VG,1599972526
56,Pisco,-13.7,-76.22,60.8,82,20,6.93,PE,1599972553
57,Hobart,-42.88,147.33,59.0,41,75,21.92,AU,1599972554
58,Bonavista,48.65,-53.11,52.79,78,19,18.1,CA,1599972555
59,Xining,36.62,101.77,64.53,46,88,8.93,CN,1599972557
60,Cape Town,-33.93,18.42,57.99,82,75,23.04,ZA,1599972294
61,Manama,26.22,50.58,93.2,59,56,3.36,BH,1599972559
62,George Town,5.41,100.34,86.0,70,40,5.82,MY,1599972309
63,Mahébourg,-20.41,57.7,71.6,83,75,6.93,MU,1599972561
64,Iqaluit,63.75,-68.51,37.4,86,90,5.82,CA,1599972562
65,Batagay-Alyta,67.8,130.41,52.56,51,92,8.43,RU,1599972564
66,Busselton,-33.65,115.33,69.01,42,12,3.22,AU,1599972565
67,Grindavik,63.84,-22.43,44.6,70,75,13.87,IS,1599972566
68,Cabo San Lucas,22.89,-109.91,81.0,89,11,1.01,MX,1599972567
69,Atasū,48.68,71.64,70.23,24,2,5.53,KZ,1599972569
70,Norman Wells,65.28,-126.83,35.6,74,75,4.7,CA,1599972570
71,Port Elizabeth,-33.92,25.57,68.0,49,81,19.46,ZA,1599972571
72,College,64.86,-147.8,48.2,61,75,3.56,US,1599972289
73,Sur,22.57,59.53,89.78,36,79,4.25,OM,1599972573
74,Dingle,11.0,122.67,88.25,68,73,5.39,PH,1599972575
75,Oussouye,12.48,-16.55,75.02,93,66,2.13,SN,1599972576
76,Sitka,57.05,-135.33,53.6,66,75,5.82,US,1599972577
77,Kalabo,-14.97,22.68,58.5,46,0,6.15,ZM,1599972578
78,Nakasongola,1.31,32.46,66.07,89,93,4.54,UG,1599972580
79,Tashtagol,52.77,87.89,56.39,54,1,5.21,RU,1599972581
80,San Andrés,12.58,-81.7,80.6,88,75,2.24,CO,1599972502
81,Salò,45.61,10.53,69.01,88,0,3.36,IT,1599972583
82,Bethel,41.37,-73.41,54.0,93,1,3.36,US,1599972585
83,Warrington,53.39,-2.58,64.4,72,20,16.11,GB,1599972586
84,Port Hardy,50.7,-127.42,51.8,93,90,3.36,CA,1599972587
85,Tocopilla,-22.09,-70.2,58.78,63,22,2.77,CL,1599972589
86,Lazo,43.38,133.9,53.58,87,100,9.37,RU,1599972590
87,Marathon,44.9,-89.77,57.99,100,90,8.05,US,1599972330
88,Fort Nelson,58.81,-122.7,48.2,70,75,5.82,CA,1599972592
89,Samarai,-10.62,150.67,77.23,75,26,11.88,PG,1599972593
90,Te Anau,-45.42,167.72,48.83,91,100,8.01,NZ,1599972595
91,Quatre Cocos,-20.21,57.76,73.0,83,75,6.93,MU,1599972596
92,Torbay,47.67,-52.73,53.01,87,75,12.75,CA,1599972597
93,Ghogha,21.68,72.28,84.13,79,61,9.26,IN,1599972598
94,East London,-33.02,27.91,77.0,31,3,6.93,ZA,1599972600
95,Hope,33.67,-93.59,73.99,77,0,5.01,US,1599972314
96,Nishihara,26.18,127.76,86.0,79,75,8.05,JP,1599972602
97,High Level,58.52,-117.14,42.8,93,75,2.28,CA,1599972603
98,Avarua,-21.21,-159.78,78.8,88,0,9.17,CK,1599972604
99,Ahmadpur,18.7,76.93,80.6,65,90,6.93,IN,1599972606
100,Yangi Marg`ilon,40.43,71.72,71.6,30,0,4.7,UZ,1599972607
101,Kaeo,-35.1,173.78,60.01,52,0,8.99,NZ,1599972608
102,Rocha,-34.48,-54.33,43.09,86,0,0.74,UY,1599972609
103,Ridgecrest,35.62,-117.67,80.01,16,0,2.55,US,1599972451
104,Lensk,60.73,114.93,48.27,90,100,4.16,RU,1599972611
105,Makkah al Mukarramah,21.43,39.83,97.3,19,0,9.78,SA,1599972613
106,Minas,-34.38,-55.24,48.2,87,25,4.7,UY,1599972326
107,São Filipe,14.9,-24.5,78.71,84,100,18.01,CV,1599972615
108,Harper,4.38,-7.72,76.08,91,100,8.05,LR,1599972616
109,Tuktoyaktuk,69.45,-133.04,30.2,80,90,10.29,CA,1599972617
110,Khatanga,71.97,102.5,58.98,60,34,7.54,RU,1599972619
111,Mundo Nuevo (Ojo de Agua),18.7,-95.5,80.4,84,95,7.27,MX,1599972620
112,Sortavala,61.71,30.69,52.61,84,86,17.09,RU,1599972621
113,Gornopravdinsk,60.05,69.9,54.84,77,90,5.14,RU,1599972622
114,Cradock,-32.16,25.62,66.76,27,20,17.85,ZA,1599972624
115,Ketchikan,55.34,-131.65,55.4,82,1,8.05,US,1599972401
116,Yellowknife,62.46,-114.35,42.01,100,90,4.7,CA,1599972626
117,São João do Piauí,-8.36,-42.25,73.65,54,82,10.74,BR,1599972627
118,Ambon City,-3.7,128.18,86.0,70,40,6.93,ID,1599972628
119,Dawlatabad,36.41,64.91,77.38,18,0,5.21,AF,1599972629
120,Jatai,-17.88,-51.71,72.73,27,0,9.28,BR,1599972631
121,Kaabong,3.48,34.15,67.21,67,7,2.62,UG,1599972632
122,Bluff,-46.6,168.33,48.0,97,100,1.99,NZ,1599972633
123,Talnakh,69.49,88.4,59.0,67,99,22.37,RU,1599972634
124,Rakiv Lis,51.62,24.92,57.88,82,10,6.62,UA,1599972636
125,Korla,41.76,86.15,75.43,18,40,5.03,CN,1599972637
126,Lavrentiya,65.58,-171.0,44.13,78,69,8.61,RU,1599972638
127,Paraguaçu Paulista,-22.41,-50.58,72.81,32,0,4.36,BR,1599972608
128,Balabac,7.99,117.06,87.01,66,85,2.59,PH,1599972641
129,Altay,47.87,88.12,62.51,27,61,6.44,CN,1599972642
130,Caravelas,-17.71,-39.25,71.44,85,0,7.85,BR,1599972643
131,Tabas,33.6,56.92,77.0,17,0,4.7,IR,1599972645
132,New Norfolk,-42.78,147.06,57.99,62,74,1.99,AU,1599972646
133,Namatanai,-3.67,152.43,83.12,78,96,11.52,PG,1599972647
134,Tura,25.52,90.22,79.2,93,100,2.95,IN,1599972649
135,Sakaiminato,35.55,133.23,73.4,78,75,8.05,JP,1599972650
136,Cidreira,-30.18,-50.21,64.53,92,100,19.51,BR,1599972651
137,Seoul,37.57,126.98,78.8,53,75,3.51,KR,1599972583
138,Ust-Kuyga,70.02,135.6,55.26,47,100,5.23,RU,1599972653
139,Atuona,-9.8,-139.03,78.35,75,33,15.43,PF,1599972654
140,Lorengau,-2.02,147.27,82.87,81,71,13.42,PG,1599972656
141,Verkhnyaya Inta,65.98,60.31,49.3,75,64,13.04,RU,1599972657
142,Bahir Dar,11.59,37.39,63.1,81,28,3.2,ET,1599972658
143,Ponta do Sol,32.67,-17.1,68.0,77,20,4.34,PT,1599972659
144,Pombas,17.15,-25.02,77.0,94,75,3.36,CV,1599972661
145,San Patricio,19.22,-104.7,78.82,83,13,2.64,MX,1599972662
146,Norrtälje,59.76,18.7,53.01,77,0,11.99,SE,1599972663
147,Smolenka,52.14,113.5,51.8,93,75,6.71,RU,1599972664
148,Beloha,-25.17,45.05,73.54,65,0,18.14,MG,1599972665
149,Erbil,36.19,44.01,78.8,21,0,1.12,IQ,1599972496
150,Kabinda,-6.13,24.48,72.18,54,1,2.48,CD,1599972668
151,Maningrida,-12.07,134.27,86.58,44,45,14.41,AU,1599972669
152,Jacareacanga,-6.22,-57.75,76.91,56,34,1.32,BR,1599972670
153,Katsuura,35.13,140.3,84.0,83,75,4.7,JP,1599972672
154,Whyalla,-33.03,137.58,62.6,55,5,16.11,AU,1599972673
155,Butaritari,3.07,172.79,82.06,71,36,12.91,KI,1599972674
156,Kolondiéba,11.09,-6.89,70.84,94,44,4.09,ML,1599972675
157,Macas,-2.32,-78.12,64.96,80,18,2.64,EC,1599972676
158,Laguna,38.42,-121.42,73.0,60,90,5.86,US,1599972678
159,Takhli,15.26,100.34,93.99,66,100,1.99,TH,1599972679
160,Correntina,-13.34,-44.64,66.63,56,0,6.64,BR,1599972680
161,Shingū,33.73,135.98,82.4,74,75,4.7,JP,1599972681
162,Upernavik,72.79,-56.15,30.51,92,99,10.04,GL,1599972683
163,Skuteč,49.84,16.0,63.0,100,32,2.24,CZ,1599972684
164,Cherskiy,68.75,161.3,52.79,52,0,7.16,RU,1599972685
165,Ndendé,-2.4,11.36,71.71,89,67,1.77,GA,1599972686
166,Faanui,-16.48,-151.75,78.71,77,86,10.65,PF,1599972687
167,Lebu,-37.62,-73.65,45.84,79,18,8.19,CL,1599972689
168,Opuwo,-18.06,13.84,53.62,47,0,3.71,NA,1599972690
169,Daru,-9.08,143.21,77.11,77,90,14.29,PG,1599972691
170,Hofn,64.25,-15.21,43.54,63,0,12.37,IS,1599972692
171,Walvis Bay,-22.96,14.51,57.0,87,90,4.7,NA,1599972694
172,Portland,45.52,-122.68,59.0,77,90,2.44,US,1599972602
173,Chui,-33.7,-53.46,50.9,91,2,3.74,UY,1599972696
174,Adrar,20.5,-10.07,86.43,44,32,8.75,MR,1599972697
175,Palmas,-10.21,-48.36,80.6,30,0,9.17,BR,1599972698
176,Klaksvík,62.23,-6.59,44.6,81,82,10.29,FO,1599972700
177,Maceió,-9.67,-35.74,69.8,88,75,3.36,BR,1599972637
178,Rechka Vydrino,51.48,104.85,45.23,86,100,11.45,RU,1599972702
179,Esperance,-33.87,121.9,66.2,59,75,5.82,AU,1599972703
180,Bengkulu,-3.8,102.27,84.42,69,59,11.39,ID,1599972704
181,Gladstone,-23.85,151.25,77.0,53,18,16.11,AU,1599972705
182,Saint-Joseph,-21.37,55.62,75.2,69,20,14.99,RE,1599972707
183,Dersca,47.98,26.2,63.0,72,18,8.05,RO,1599972708
184,Talara,-4.58,-81.27,63.99,82,35,15.39,PE,1599972709
185,Ossora,59.24,163.07,44.22,84,100,22.59,RU,1599972710
186,Hanstholm,57.12,8.62,55.99,80,100,10.0,DK,1599972711
187,Arraial do Cabo,-22.97,-42.03,72.03,85,4,28.81,BR,1599972431
188,Mar del Plata,-38.0,-57.56,46.99,81,0,18.34,AR,1599972621
189,São João da Barra,-21.64,-41.05,72.36,84,0,22.5,BR,1599972715
190,Phan Thiet,10.93,108.1,88.5,63,75,8.23,VN,1599972716
191,Sørland,67.67,12.69,49.3,82,68,26.96,NO,1599972717
192,Moyale,3.52,39.06,65.19,81,86,13.96,KE,1599972719
193,Muros,42.78,-9.06,72.0,64,52,5.82,ES,1599972720
194,Calabozo,8.92,-67.43,74.64,95,96,1.83,VE,1599972721
195,Gryfice,53.92,15.2,55.0,93,98,3.36,PL,1599972722
196,Meulaboh,4.14,96.13,85.53,62,40,5.59,ID,1599972724
197,Awjilah,29.11,21.29,77.31,45,0,7.56,LY,1599972725
198,Pravia,43.49,-6.15,64.4,93,20,2.24,ES,1599972726
199,Staraya Russa,57.99,31.36,56.75,86,100,11.12,RU,1599972727
200,Motygino,58.18,94.76,61.63,51,40,3.8,RU,1599972728
201,Saint Anthony,45.02,-93.22,59.0,87,90,5.82,US,1599972730
202,Progreso,21.28,-89.67,79.09,85,85,3.06,MX,1599972731
203,Kamaishi,39.27,141.88,77.0,61,75,12.75,JP,1599972732
204,Kutum,14.2,24.67,74.5,67,79,3.85,SD,1599972733
205,San Cristobal,7.77,-72.22,66.7,90,93,3.04,VE,1599972734
206,Ilo,-17.64,-71.34,58.3,80,39,3.58,PE,1599972736
207,Iwanai,42.97,140.51,68.34,72,91,5.03,JP,1599972737
208,Homocea,46.13,27.23,60.01,87,0,2.24,RO,1599972738
209,Lolodorf,3.23,10.73,68.31,97,96,1.23,CM,1599972739
210,Kaitangata,-46.28,169.85,51.01,88,100,4.0,NZ,1599972740
211,Huarmey,-10.07,-78.15,59.67,86,1,7.11,PE,1599972742
212,Gamba,-2.65,10.0,73.71,87,67,6.33,GA,1599972743
213,Mackay,-21.15,149.2,77.0,65,60,19.46,AU,1599972744
214,Chokurdakh,70.63,147.92,59.02,42,0,4.14,RU,1599972745
215,Half Moon Bay,37.46,-122.43,66.99,93,90,4.7,US,1599972671
216,Sola,-13.88,167.55,79.56,83,96,19.24,VU,1599972748
217,Solwezi,-12.17,26.39,56.71,61,19,6.87,ZM,1599972749
218,Oruzgan,32.83,66.0,75.87,16,0,0.96,AF,1599972750
219,Westport,41.14,-73.36,64.99,72,75,10.29,US,1599972752
220,Barra do Garças,-15.89,-52.26,70.74,24,0,3.53,BR,1599972753
221,Hammerfest,70.66,23.68,46.4,87,75,4.7,NO,1599972623
222,Tuatapere,-46.13,167.68,48.0,97,100,1.99,NZ,1599972755
223,Puerto del Rosario,28.5,-13.86,71.6,88,40,3.36,ES,1599972757
224,Bredasdorp,-34.53,20.04,55.4,82,97,23.04,ZA,1599972758
225,Saskylakh,71.92,114.08,53.69,54,53,5.46,RU,1599972759
226,Zhangye,38.93,100.45,69.35,24,45,7.23,CN,1599972760
227,Vostok,46.49,135.88,64.49,37,100,8.12,RU,1599972762
228,Mariental,-24.63,17.97,59.97,34,54,5.79,NA,1599972763
229,Matelica,43.25,13.01,66.99,76,0,1.14,IT,1599972764
230,Haines Junction,60.75,-137.51,39.65,71,76,3.22,CA,1599972765
231,Afipskiy,44.9,38.84,70.0,69,0,10.16,RU,1599972767
232,Comodoro Rivadavia,-45.87,-67.5,46.4,61,30,23.04,AR,1599972768
233,Thinadhoo,0.53,72.93,82.92,72,100,8.23,MV,1599972769
234,Kieta,-6.22,155.63,84.88,68,5,5.75,PG,1599972770
235,Mount Gambier,-37.83,140.77,59.0,62,75,17.22,AU,1599972620
236,Kavieng,-2.57,150.8,84.27,75,58,12.91,PG,1599972755
237,Muswellbrook,-32.27,150.9,71.58,47,94,6.91,AU,1599972774
238,Dvinskoy Bereznik,62.86,42.71,50.47,94,100,11.99,RU,1599972775
239,Saldanha,-33.01,17.94,57.2,76,59,8.05,ZA,1599972776
240,Morant Bay,17.88,-76.41,82.4,78,20,4.7,JM,1599972778
241,Marrakesh,31.63,-8.01,71.6,73,100,6.93,MA,1599972779
242,Camiri,-20.05,-63.52,72.03,51,99,2.39,BO,1599972780
243,Deputatsky,69.3,139.9,53.01,49,100,2.68,RU,1599972781
244,Moindou,-21.69,165.68,78.8,47,39,13.87,NC,1599972783
245,Narsaq,60.92,-46.05,33.8,50,58,5.82,GL,1599972784
246,Komatipoort,-25.43,31.95,62.6,82,11,6.93,ZA,1599972785
247,Tshikapa,-6.42,20.8,72.39,57,0,1.3,CD,1599972786
248,Guerrero Negro,27.98,-114.06,75.38,57,0,11.56,MX,1599972787
249,Krasyliv,49.65,26.97,60.15,62,51,3.24,UA,1599972789
250,Chute-aux-Outardes,49.12,-68.4,48.2,93,75,2.24,CA,1599972790
251,Fengrun,39.83,118.12,81.82,40,43,1.95,CN,1599972791
252,Vaini,-21.2,-175.2,69.8,77,75,17.22,TO,1599972792
253,Geraldton,-28.77,114.6,78.8,31,0,13.87,AU,1599972793
254,Rovaniemi,66.5,25.72,41.0,100,20,4.7,FI,1599972795
255,Kenda,23.2,86.53,87.8,66,75,4.7,IN,1599972796
256,Hambantota,6.12,81.12,84.2,79,40,13.87,LK,1599972797
257,Baculin,7.45,126.58,86.97,66,94,7.18,PH,1599972798
258,Bilibino,68.05,166.44,51.13,46,34,3.8,RU,1599972800
259,Raudeberg,61.99,5.14,51.01,87,99,29.51,NO,1599972801
260,Bambous Virieux,-20.34,57.76,73.0,83,75,6.93,MU,1599972802
261,Teruel,40.67,-0.67,64.99,82,0,6.93,ES,1599972803
262,Mogadishu,2.04,45.34,78.8,69,75,13.87,SO,1599972746
263,Tutóia,-2.76,-42.27,78.82,82,50,11.97,BR,1599972805
264,Imeni Poliny Osipenko,52.42,136.49,71.02,61,0,5.86,RU,1599972807
265,Lázaro Cárdenas,17.96,-102.2,79.16,86,99,2.91,MX,1599972808
266,Kainantu,-6.29,145.87,70.63,82,65,3.11,PG,1599972809
267,Rucheng,32.39,120.56,84.99,54,100,4.18,CN,1599972810
268,Barabai,-2.58,115.38,90.07,56,76,0.96,ID,1599972776
269,Hamilton,39.18,-84.53,75.99,88,75,10.29,US,1599972764
270,Nanortalik,60.14,-45.24,37.9,74,49,1.86,GL,1599972814
271,Saint George,37.1,-113.58,78.8,9,1,4.7,US,1599972645
272,Port-Gentil,-0.72,8.78,76.5,83,100,14.45,GA,1599972817
273,Kalmunai,7.42,81.82,87.44,57,100,0.98,LK,1599972811
274,Ancud,-41.87,-73.82,43.0,96,72,15.01,CL,1599972819
275,Yasugichō,35.43,133.25,73.4,78,75,8.05,JP,1599972820
276,Kamina,-8.74,24.99,68.77,41,59,2.57,CD,1599972822
277,Santa Rosa,14.31,121.11,93.0,70,75,6.93,PH,1599972823
278,Putina,-15.47,-69.43,43.05,78,99,2.42,PE,1599972825
279,Vlasikha,53.3,83.57,59.0,38,6,8.95,RU,1599972826
280,Eureka,40.8,-124.16,54.0,100,19,4.21,US,1599972827
281,Carnarvon,-24.87,113.63,75.2,53,0,19.46,AU,1599972828
282,Petropavlovsk-Kamchatskiy,53.05,158.65,64.4,36,59,20.13,RU,1599972800
283,Havelock,34.88,-76.9,73.99,83,1,11.41,US,1599972831
284,Labuhan,-6.88,112.21,91.06,47,74,5.39,ID,1599972832
285,Pierre,44.37,-100.35,57.99,81,1,3.36,US,1599972833
286,Novikovo,51.15,37.89,55.13,47,5,5.91,RU,1599972759
287,Erzin,36.96,36.2,80.01,84,2,1.43,TR,1599972836
288,Cocobeach,1.0,9.58,77.0,88,20,9.17,GA,1599972837
289,Lompoc,34.64,-120.46,55.4,93,1,5.82,US,1599972839
290,Mbandaka,0.05,18.26,69.35,96,43,2.98,CD,1599972840
291,Lubango,-14.92,13.49,58.03,36,8,5.06,AO,1599972842
292,Willmar,45.12,-95.04,55.4,93,1,4.7,US,1599972843
293,Mountain Home,43.13,-115.69,60.8,36,1,3.36,US,1599972844
294,Husavik,66.04,-17.34,39.2,93,90,8.05,IS,1599972846
295,Nantucket,41.28,-70.1,61.0,82,1,8.05,US,1599972847
296,Port Lincoln,-34.73,135.87,59.47,63,0,13.06,AU,1599972848
297,Ostrovnoy,68.05,39.51,50.16,91,100,8.66,RU,1599972850
298,Sémbé,1.65,14.58,69.62,94,100,3.15,CG,1599972851
299,Chapais,49.78,-74.85,51.8,81,90,12.75,CA,1599972852
300,Aksay,47.26,39.87,59.0,44,0,15.66,RU,1599972853
301,Auki,-8.77,160.7,83.77,74,11,3.67,SB,1599972854
302,Airai,-8.93,125.41,75.96,37,94,6.35,TL,1599972856
303,Fallon,39.47,-118.78,75.0,15,1,9.17,US,1599972857
304,Kangaatsiaq,68.31,-53.46,32.76,89,25,11.7,GL,1599972858
305,Saint-Augustin,51.23,-58.65,44.37,66,54,6.44,CA,1599972860
306,Vao,-22.67,167.48,68.5,78,95,24.85,NC,1599972861
307,Bermeo,43.42,-2.72,62.01,93,0,4.7,ES,1599972862
308,Paamiut,61.99,-49.67,36.91,72,62,9.19,GL,1599972863
309,Prestea,5.43,-2.14,71.29,98,80,2.42,GH,1599972865
310,Kyzyl-Suu,42.34,78.0,59.97,46,0,6.29,KG,1599972866
311,Hay River,60.82,-115.8,46.4,93,90,9.17,CA,1599972867
312,La Ronge,55.1,-105.28,44.6,81,75,6.93,CA,1599972868
313,Rome,43.21,-75.46,64.4,63,90,9.17,US,1599972870
314,Paraná,-31.73,-60.52,55.0,88,0,5.75,AR,1599972653
315,Mossamedes,-15.2,12.15,62.04,87,41,8.68,AO,1599972872
316,Ust-Tsilma,65.44,52.15,48.94,79,74,8.1,RU,1599972873
317,Vila Franca do Campo,37.72,-25.43,69.8,83,20,3.36,PT,1599972874
318,Nikolskoye,59.7,30.79,55.4,76,40,17.9,RU,1599972876
319,Malbork,54.04,19.03,54.0,100,94,7.45,PL,1599972877
320,Taoudenni,22.68,-3.98,93.63,22,49,4.45,ML,1599972878
321,Dauphin,51.15,-100.05,53.6,71,75,5.82,CA,1599972880
322,Lac du Bonnet,50.25,-96.06,51.01,99,19,3.24,CA,1599972881
323,Khovd,48.01,91.64,52.03,39,0,4.32,MN,1599972882
324,Mirzāpur,25.15,82.58,89.6,66,40,2.24,IN,1599972884
325,Prachuap Khiri Khan,11.82,99.78,88.14,62,86,5.91,TH,1599972885
326,Mahajanga,-15.72,46.32,73.4,69,3,4.7,MG,1599972886
327,Keti Bandar,24.14,67.45,86.77,70,83,9.71,PK,1599972887
328,Nhulunbuy,-12.23,136.77,84.2,58,75,16.11,AU,1599972888
329,Aklavik,68.22,-135.01,32.0,96,90,3.36,CA,1599972732
330,Hualmay,-11.1,-77.61,59.11,86,14,5.64,PE,1599972891
331,Pandan,14.05,124.17,86.07,68,57,5.3,PH,1599972892
332,Karratha,-20.74,116.85,95.52,20,0,15.39,AU,1599972810
333,Pryazha,61.69,33.62,53.6,93,75,17.9,RU,1599972895
334,Ribeira Grande,38.52,-28.7,71.33,75,56,9.24,PT,1599972896
335,Lengshuitan,26.41,111.6,77.83,69,93,10.11,CN,1599972897
336,Hobyo,5.35,48.53,81.57,69,97,22.95,SO,1599972899
337,Nara,34.69,135.8,84.99,66,75,9.17,JP,1599972900
338,Senno,59.53,33.92,53.28,93,100,13.91,RU,1599972901
339,Palu,-0.89,119.87,85.28,72,97,3.8,ID,1599972879
340,La Providencia,28.72,-111.58,84.0,34,0,1.01,MX,1599972904
341,Longyearbyen,78.22,15.64,35.6,90,75,1.1,SJ,1599972905
342,Dicabisagan,17.08,122.42,87.8,65,51,5.77,PH,1599972906
343,Hālol,22.5,73.47,86.0,74,40,6.93,IN,1599972907
344,Tahe,52.33,124.73,72.91,42,23,5.21,CN,1599972908
345,Barguzin,53.62,109.62,54.84,82,99,3.44,RU,1599972910
346,Santa Marta de Tormes,40.95,-5.63,62.01,81,73,1.12,ES,1599972911
347,Clyde River,70.47,-68.59,35.6,84,90,2.24,CA,1599972854
348,Gorontalo,0.54,123.06,83.01,83,100,5.12,ID,1599972913
349,Kenora,49.82,-94.43,55.4,62,20,6.93,CA,1599972915
350,Xichang,27.9,102.26,64.36,81,99,3.47,CN,1599972916
351,Prince Rupert,54.32,-130.32,55.4,93,90,1.14,CA,1599972909
352,Yamada,39.47,141.95,65.37,90,100,14.18,JP,1599972939
353,Mayumba,-3.43,10.66,73.69,87,38,5.95,GA,1599972940
354,Isangel,-19.55,169.27,75.2,69,90,13.87,VU,1599972865
355,Wanning,18.8,110.4,88.32,64,87,6.13,CN,1599972943
356,Bagdarin,54.43,113.6,51.75,88,100,4.65,RU,1599972843
357,Kumul,42.8,93.45,73.87,17,97,7.78,CN,1599972791
358,Necochea,-38.55,-58.74,46.0,76,0,11.01,AR,1599972946
359,Ningyang,35.76,116.79,79.72,57,73,2.06,CN,1599972948
360,Bozoum,6.32,16.38,67.66,96,95,4.25,CF,1599972949
361,Zhigansk,66.77,123.37,50.4,78,99,5.59,RU,1599972950
362,Santiago del Estero,-27.8,-64.26,56.84,88,0,2.01,AR,1599972951
363,Lucapa,-8.42,20.74,66.11,39,0,3.06,AO,1599972952
364,Sisimiut,66.94,-53.67,35.15,81,18,3.69,GL,1599972785
365,Anadyr,64.75,177.48,44.6,87,40,26.84,RU,1599972955
366,Ormara,25.21,64.64,85.33,71,19,4.85,PK,1599972956
367,Fairbanks,64.84,-147.72,48.2,61,90,3.69,US,1599972931
368,Oranjemund,-28.55,16.43,58.01,84,98,8.23,NA,1599972729
369,Ilulissat,69.22,-51.1,28.4,58,0,12.75,GL,1599972959
370,Ucluelet,48.93,-125.55,55.0,89,35,1.21,CA,1599972961
371,Torres,-29.34,-49.73,63.66,97,81,10.89,BR,1599972962
372,Paratinga,-12.69,-43.18,68.7,57,0,7.38,BR,1599972963
373,Okhotsk,59.38,143.3,65.25,44,1,9.06,RU,1599972939
374,Grenå,56.42,10.88,55.4,87,100,5.82,DK,1599972965
375,Severodvinsk,64.56,39.83,50.0,100,90,6.71,RU,1599972967
376,Kristianstad,56.03,14.15,54.0,87,100,8.05,SE,1599972968
377,Baykit,61.67,96.37,56.1,72,95,3.8,RU,1599972789
378,Casper,42.87,-106.31,55.99,62,1,4.54,US,1599972970
379,Pangody,65.85,74.49,54.63,78,88,17.6,RU,1599972972
380,Kavaratti,10.57,72.64,82.4,83,90,6.93,IN,1599972973
381,Khani,41.96,42.96,69.8,94,0,4.7,GE,1599972974
382,Mlonggo,-6.53,110.7,89.6,55,20,11.41,ID,1599972975
383,Touros,-5.2,-35.46,69.8,94,40,3.36,BR,1599972977
384,Flinders,-34.58,150.86,66.0,64,100,7.0,AU,1599972978
385,Adeje,28.12,-16.73,73.99,88,40,5.82,ES,1599972979
386,Manitouwadge,49.12,-85.84,54.23,98,100,5.59,CA,1599972980
387,Ikom,5.97,8.71,71.35,98,100,2.39,NG,1599972982
388,Havøysund,71.0,24.66,46.4,87,75,4.7,NO,1599972983
389,Kinablangan,7.69,126.55,86.9,64,88,6.53,PH,1599972984
390,Vilyuysk,63.76,121.62,47.61,95,100,5.99,RU,1599972986
391,Barrow,71.29,-156.79,39.2,86,90,16.11,US,1599972987
392,La Asuncion,11.03,-63.86,78.15,83,100,8.79,VE,1599972726
393,Arman',59.7,150.17,60.51,44,0,5.1,RU,1599972989
394,Santa Isabel,-23.32,-46.22,66.2,77,71,1.12,BR,1599972990
395,Riyadh,24.69,46.72,82.4,24,7,2.24,SA,1599972812
396,Arrondissement de Dieppe,49.75,1.17,52.0,100,44,2.24,FR,1599972993
397,Voh,-20.97,164.7,75.09,56,61,7.61,NC,1599972994
398,Penzance,50.12,-5.54,59.0,100,38,9.17,GB,1599972995
399,Lalibela,12.03,39.03,63.45,64,6,0.29,ET,1599972997
400,Parkes,-33.13,148.18,64.0,64,100,3.0,AU,1599972998
401,Tuy Hoa,13.08,109.3,90.43,56,3,7.02,VN,1599972999
402,Vangaindrano,-23.35,47.6,72.64,81,20,5.61,MG,1599973001
403,Bend,44.06,-121.32,62.6,36,90,4.21,US,1599972925
404,Wewak,-3.55,143.63,84.78,72,18,11.79,PG,1599973003
405,Mayo,38.89,-76.51,68.0,82,1,5.82,US,1599973000
406,Manggar,-2.88,108.27,81.75,75,97,7.14,ID,1599973005
407,Shache,38.42,77.24,81.18,17,0,7.7,CN,1599972855
408,Iberia,29.95,-91.75,77.0,94,40,5.82,US,1599973008
409,Mogzon,51.74,111.96,59.27,79,97,12.41,RU,1599973009
410,Cotonou,6.37,2.42,73.4,94,75,3.36,BJ,1599973010
411,Arkhara,49.42,130.08,71.73,58,100,1.77,RU,1599973011
412,Ulladulla,-35.35,150.47,62.01,67,90,12.75,AU,1599973013
413,Agüimes,27.91,-15.45,73.4,78,20,2.24,ES,1599973014
414,Joshīmath,30.57,79.57,75.33,35,0,6.24,IN,1599973015
415,Nefteyugansk,61.1,72.6,59.0,72,46,6.71,RU,1599973016
416,Egvekinot,66.32,-179.17,45.64,63,93,13.13,RU,1599973018
417,Nuuk,64.18,-51.72,37.0,43,0,6.93,GL,1599972728
418,Havre-St-Pierre,50.23,-63.6,42.8,93,1,2.24,CA,1599972763
419,Bria,6.54,21.99,68.07,96,81,0.76,CF,1599973021
420,Huanren,41.26,125.37,73.51,51,16,6.51,CN,1599973023
421,Vanimo,-2.67,141.3,86.13,69,76,10.07,PG,1599973024
422,Northam,51.03,-4.22,55.0,96,87,7.0,GB,1599973025
423,Kenai,60.55,-151.26,55.4,54,1,5.82,US,1599973027
424,Traralgon,-38.18,146.53,61.0,62,27,11.01,AU,1599973028
425,Nicolae Bălcescu,46.47,26.92,61.0,87,0,2.24,RO,1599973029
426,Mandalgovi,45.76,106.27,52.54,41,0,16.44,MN,1599973030
427,Luau,-10.71,22.22,63.16,34,3,4.45,AO,1599973032
428,Jimeta,9.28,12.47,72.84,92,98,2.46,NG,1599972849
429,Erenhot,43.65,111.98,69.62,25,95,12.15,CN,1599973034
430,Pascagoula,30.37,-88.56,80.6,94,75,6.93,US,1599973035
431,Khromtau,50.25,58.43,59.22,52,22,8.95,KZ,1599973036
432,Diego de Almagro,-26.37,-70.05,48.54,69,0,1.03,CL,1599973037
433,Agirish,61.92,63.02,48.72,69,52,7.11,RU,1599973039
434,Newport,51.59,-3.0,59.0,93,61,1.99,GB,1599972819
435,Mollendo,-17.02,-72.01,57.79,81,65,5.44,PE,1599973041
436,Muroto-misakicho,33.28,134.15,82.4,78,75,8.05,JP,1599973042
437,Chardara,41.25,67.97,73.13,32,0,7.09,KZ,1599973044
438,Alta,69.97,23.27,44.6,93,75,1.12,NO,1599973045
439,Marawi,8.0,124.29,84.99,80,40,5.99,PH,1599973046
440,Kangalassy,62.35,129.96,69.8,37,84,2.24,RU,1599973047
441,Lüderitz,-26.65,15.16,60.04,74,94,14.05,NA,1599973049
442,Mareeba,-17.0,145.43,75.0,71,72,7.0,AU,1599973050
443,Aquiraz,-3.9,-38.39,78.8,69,40,18.34,BR,1599973051
444,Bubaque,11.28,-15.83,79.29,84,97,9.73,GW,1599973052
445,Sindor,62.86,51.89,48.6,81,70,8.61,RU,1599973053
446,Severnoye,56.35,78.36,58.86,70,100,8.5,RU,1599973055
447,Roebourne,-20.78,117.13,94.91,20,0,13.04,AU,1599973056
448,Codrington,-38.27,141.97,57.15,71,0,16.6,AU,1599973057
449,Río Gallegos,-51.62,-69.22,41.0,75,40,21.92,AR,1599972873
450,Piranhas,-16.43,-51.82,73.33,21,0,5.26,BR,1599973060
451,Vicuña,-30.03,-70.71,48.99,65,0,0.58,CL,1599973061
452,Tezu,27.92,96.17,76.42,86,98,0.31,IN,1599973062
453,Sarany,58.5,58.88,44.31,91,90,5.88,RU,1599973063
454,Buala,-8.14,159.59,84.65,71,22,5.41,SB,1599973065
455,Puerto Escondido,15.85,-97.07,81.14,80,99,5.3,MX,1599973066
456,San Buenaventura,27.08,-101.53,82.99,55,85,5.01,MX,1599973067
457,Magdagachi,53.45,125.8,73.08,43,0,5.57,RU,1599973068
458,Tigil',57.8,158.67,46.67,66,100,19.15,RU,1599973069
459,Ledyard Center,41.44,-72.01,55.4,87,75,6.93,US,1599973071
460,Le Port,-20.94,55.29,73.4,69,75,11.41,RE,1599973072
461,Peleduy,59.63,112.74,51.1,76,99,12.1,RU,1599972854
462,Sambava,-14.27,50.17,74.44,69,28,13.47,MG,1599972852
463,Yulara,-25.24,130.99,87.8,19,27,14.99,AU,1599973075
464,Broome,42.25,-75.83,60.01,72,40,9.17,US,1599972815
465,Acaraú,-2.89,-40.12,77.16,79,1,18.01,BR,1599973078
466,Mnogovershinnyy,53.94,139.92,65.5,54,23,1.16,RU,1599973079
467,Asău,46.43,26.4,61.0,78,0,3.4,RO,1599973080
468,Kabare,-2.47,28.82,65.84,58,53,1.45,CD,1599973081
469,Ponta Delgada,37.73,-25.67,69.8,83,20,3.36,PT,1599973083
470,Chavinda,20.02,-102.45,60.53,90,74,3.15,MX,1599973084
471,Kisanga,-7.44,37.7,77.56,66,46,1.77,TZ,1599973085
472,Angoram,-4.06,144.07,92.17,51,5,7.0,PG,1599973086
473,Noboribetsu,42.45,141.17,64.99,93,75,5.82,JP,1599973087
474,Nabire,-3.37,135.48,79.93,81,100,2.19,ID,1599972906
475,Virginia Beach,36.85,-75.98,75.2,73,75,6.93,US,1599973045
476,Lethem,3.38,-59.8,78.98,69,83,4.21,GY,1599973091
477,Takoradze,4.88,-1.76,74.3,93,85,5.88,GH,1599973092
478,Dhangadhi,28.71,80.6,89.64,65,33,2.53,NP,1599973093
479,Busembatia,0.77,33.61,67.82,83,92,5.46,UG,1599973094
480,Beyneu,45.32,55.2,75.29,23,0,2.46,KZ,1599973096
481,Clearlake,38.96,-122.63,69.01,42,0,3.56,US,1599973006
482,Camaná,-16.62,-72.71,59.43,80,13,5.64,PE,1599973098
483,Caceres,39.52,-6.37,72.0,43,80,1.01,ES,1599973099
484,Noyabrsk,63.2,75.45,56.64,73,1,13.18,RU,1599973101
485,Poli,-3.33,36.8,60.8,93,40,9.17,TZ,1599973102
486,Itacarambi,-15.1,-44.09,63.99,58,0,2.86,BR,1599973103
487,Ratholo,-22.72,27.57,56.32,73,0,4.5,BW,1599973104
488,Padang,-0.95,100.35,85.08,64,87,5.79,ID,1599973106
489,Cairns,-16.92,145.77,73.4,73,75,19.46,AU,1599973107
490,Luanda,-8.84,13.23,71.6,88,75,5.82,AO,1599973108
491,Oktyabr'skoye,43.06,44.74,62.6,88,0,2.24,RU,1599973109
492,Menzelinsk,55.73,53.1,50.0,87,30,8.95,RU,1599973110
493,Dongkan,34.0,119.83,77.36,74,97,8.12,CN,1599973112
494,Yaan,7.38,8.57,71.64,99,100,6.46,NG,1599973113
495,Syracuse,37.09,15.28,75.0,88,16,6.93,IT,1599973031
496,Malaya Serdoba,52.47,44.95,55.74,61,0,5.17,RU,1599973115
497,Jardinópolis,-21.02,-47.76,75.2,33,0,4.7,BR,1599973118
498,Matara,5.95,80.54,82.06,80,100,12.64,LK,1599972865
499,Moose Factory,51.26,-80.61,55.4,93,90,16.11,CA,1599973120
500,Laas,46.62,10.7,57.2,100,5,3.36,IT,1599972893
501,Waingapu,-9.66,120.26,87.94,36,73,19.04,ID,1599973122
502,Ashland,40.82,-82.27,73.4,94,1,14.99,US,1599973123
503,Port Augusta,-32.5,137.77,66.99,55,8,16.11,AU,1599973125
504,West Bay,19.37,-81.42,82.99,82,54,3.0,KY,1599973126
505,Teguise,29.06,-13.56,71.6,83,65,4.7,ES,1599973127
506,Inuvik,68.35,-133.72,32.0,95,90,3.36,CA,1599973128
507,Moranbah,-22.0,148.05,75.58,48,96,14.03,AU,1599973130
508,Khanpur,28.65,70.66,102.33,27,0,6.91,PK,1599973131
509,Venice of the Philippines,4.66,119.39,85.84,68,100,7.85,PH,1599973132
510,Galesong,-5.32,119.37,91.4,41,20,10.29,ID,1599973133
511,Dwārka,22.24,68.97,85.84,70,8,9.48,IN,1599973135
512,Kamenka,51.32,42.77,56.84,56,0,4.76,RU,1599972925
513,Naze,28.37,129.48,82.4,94,75,11.41,JP,1599973137
514,Creel,27.75,-107.63,54.66,91,76,8.52,MX,1599973138
515,Buraidah,26.33,43.98,75.2,27,0,6.93,SA,1599972846
516,Tortolì,39.93,9.66,69.8,64,20,11.41,IT,1599973141
517,Gizo Government Station,-8.1,156.84,85.15,67,7,2.3,SB,1599973142
518,Korem,12.51,39.52,63.3,66,7,1.68,ET,1599973143
519,Nizhniy Tsasuchey,50.52,115.13,66.16,54,81,20.83,RU,1599973145
520,Lagoa,39.05,-27.98,71.04,74,7,8.03,PT,1599973146
521,Charthāwal,29.55,77.58,89.73,55,0,4.21,IN,1599973147
522,Praia da Vitória,38.73,-27.07,66.2,88,20,4.18,PT,1599973148
523,Areosa,41.72,-8.86,79.0,64,100,5.7,PT,1599973150
524,Leningradskiy,69.38,178.42,46.44,73,5,5.03,RU,1599973151
525,Gairo,39.85,9.5,69.8,64,20,11.41,IT,1599973152
526,Panzhihua,26.59,101.71,71.42,81,100,1.95,CN,1599973153
527,Vieste,41.88,16.18,73.99,78,20,10.29,IT,1599973154
528,Provideniya,64.38,-173.3,44.56,76,90,13.89,RU,1599973156
529,Paita,-5.09,-81.11,61.56,85,13,10.98,PE,1599973157
530,Sunrise Manor,36.21,-115.07,86.0,8,1,1.12,US,1599973120
531,Rafrāf,37.19,10.18,69.8,77,40,5.82,TN,1599973159
532,Shakawe,-18.37,21.85,55.09,40,0,3.44,BW,1599973161
533,Arrondissement de Thiers,45.83,3.5,51.8,76,0,2.24,FR,1599973162
534,Kaili,-3.46,120.21,79.83,54,72,6.44,ID,1599973163
535,Lata,40.16,-8.33,68.0,56,81,2.37,PT,1599973164
536,Malumfashi,11.79,7.62,69.93,89,57,6.53,NG,1599973166
537,Tuckahoe,37.59,-77.56,64.0,93,1,3.42,US,1599973167
538,Villa Corzo,16.17,-93.25,77.0,73,75,12.75,MX,1599973168
539,Ubatã,-14.21,-39.52,66.24,97,59,2.17,BR,1599973170
540,Summerville,33.02,-80.18,77.0,100,90,5.75,US,1599973171
541,Point Pedro,9.82,80.23,83.17,73,100,9.1,LK,1599973172
542,Melfi,41.0,15.65,73.4,78,20,10.29,IT,1599973173
543,Lenoir City,35.8,-84.26,75.0,99,98,0.07,US,1599973175
544,Ayagoz,47.97,80.44,67.93,27,100,9.26,KZ,1599973176
545,Ksino Nero,40.68,21.62,71.01,51,0,3.29,GR,1599973177
546,Paramonga,-10.67,-77.83,59.4,87,30,5.91,PE,1599973178
547,Muisne,0.6,-80.03,73.9,88,100,9.6,EC,1599973180
548,Somerset East,-32.72,25.59,70.74,23,16,17.56,ZA,1599973181
549,Flin Flon,54.77,-101.86,42.51,87,94,7.43,CA,1599973182
550,Atbasar,51.8,68.33,70.61,24,88,6.31,KZ,1599973184
551,Al Bardīyah,31.76,25.09,73.85,73,0,6.26,LY,1599973185
552,Kahului,20.89,-156.47,84.2,54,40,17.22,US,1599973186
553,Aitape,-3.14,142.35,84.79,77,49,9.48,PG,1599973188
554,Kearney,40.7,-99.08,57.2,82,1,3.13,US,1599973189
555,Bagn,60.82,9.55,39.99,76,0,8.01,NO,1599973190
556,Djibouti,11.5,42.5,93.2,41,1,6.06,DJ,1599973191
557,Wattegama,6.8,81.48,84.2,79,40,13.87,LK,1599973192
558,Lambaréné,-0.7,10.24,72.21,92,89,3.78,GA,1599973194
559,Xaçmaz,41.46,48.81,75.94,59,0,5.21,AZ,1599973148
560,Malakal,9.53,31.66,74.62,88,95,2.82,SS,1599973196
561,Sinnamary,5.38,-52.95,79.3,85,13,11.16,GF,1599973197
562,Dambulla,7.86,80.65,86.95,53,95,13.78,LK,1599973198
563,Bima,-8.47,118.72,95.23,25,94,10.2,ID,1599973200
564,San Jose,37.34,-121.89,70.0,64,90,3.36,US,1599973090
565,Iroquois Falls,48.77,-80.68,53.6,93,75,9.17,CA,1599973203
566,Armizonskoye,55.95,67.67,59.16,62,93,5.44,RU,1599973205
567,Jiutai,44.15,125.83,68.0,60,20,2.24,CN,1599973208
568,Jumla,29.27,82.18,75.25,35,20,5.48,NP,1599973210
569,Isiro,2.77,27.62,67.41,98,59,1.14,CD,1599973212
570,The Valley,18.22,-63.06,82.4,78,20,5.82,AI,1599973029
571,Dodoma,-6.17,35.74,62.6,88,20,11.41,TZ,1599973210
572,Tabat,-2.63,115.23,90.27,56,85,2.28,ID,1599973215
573,Jalu,29.03,21.55,77.63,44,0,7.52,LY,1599973216
574,Sabha,27.04,14.43,78.35,26,0,5.97,LY,1599972923
575,Dobryanka,58.46,56.42,50.0,93,61,11.18,RU,1599973219
576,Kibaya,-5.3,36.57,61.56,76,54,5.7,TZ,1599973220
577,Glendive,47.11,-104.71,62.6,48,1,6.93,US,1599973222
578,Pacific Grove,36.62,-121.92,55.99,98,10,3.29,US,1599973071
579,Severo-Yeniseyskiy,60.37,93.04,60.75,57,27,1.48,RU,1599973224
580,Kudahuvadhoo,2.67,72.89,82.81,78,98,12.62,MV,1599973225
581,Ferrol,43.48,-8.24,64.99,82,32,5.82,ES,1599973227
582,Olinda,-8.01,-34.86,77.0,73,40,11.41,BR,1599973228
583,Patan,27.67,85.33,77.0,83,75,3.36,NP,1599973229
584,Boulder City,35.98,-114.83,80.6,25,1,4.7,US,1599973169
585,Rawson,-43.3,-65.1,48.4,50,0,19.66,AR,1599973232
586,Broken Hill,-31.95,141.43,71.6,49,73,12.75,AU,1599973087
587,Kulhudhuffushi,6.62,73.07,81.9,79,91,12.48,MV,1599973234
588,Nemuro,43.32,145.57,60.8,63,75,12.75,JP,1599973236
589,Makakilo City,21.35,-158.09,82.4,51,90,5.82,US,1599973153
590,Sri Aman,1.24,111.46,82.4,88,75,1.12,MY,1599973238
591,Cordele,31.96,-83.78,75.2,88,1,5.82,US,1599973240
592,Aswān,24.09,32.91,88.34,20,0,11.41,EG,1599973241
593,Tarija,-21.54,-64.73,62.8,64,40,4.5,BO,1599973242
594,Mulegé,26.88,-111.98,82.15,42,0,1.28,MX,1599973244
595,Manokwari,-0.87,134.08,84.92,73,92,11.1,ID,1599973080
596,Poum,-20.23,164.02,72.97,72,59,15.88,NC,1599973246
597,Palmer,42.16,-72.33,55.4,71,1,4.7,US,1599973248
598,Borba,-4.39,-59.59,78.21,60,18,1.43,BR,1599973249
599,Carbondale,37.73,-89.22,71.6,94,1,2.01,US,1599973243
600,Boende,-0.22,20.87,71.24,94,94,1.83,CD,1599973251
601,Orlik,52.52,99.83,43.81,62,100,9.15,RU,1599973253
602,Gurupá,-1.41,-51.64,75.04,92,18,4.25,BR,1599973254
603,Santana do Livramento,-30.89,-55.53,60.66,97,100,8.57,BR,1599973255
604,Rafai,4.95,23.92,67.87,97,96,1.3,CF,1599973256
605,Shellbrook,53.22,-106.4,37.4,86,40,2.24,CA,1599973230
606,Ascension,30.22,-90.9,79.0,94,1,3.36,US,1599973258
607,Ouésso,1.61,16.05,69.26,95,97,2.8,CG,1599973260
608,San Juan,-31.54,-68.54,59.5,31,0,6.76,AR,1599973245
609,Valparaíso,-33.04,-71.63,42.8,100,0,2.24,CL,1599973262
610,Pecos,31.42,-103.49,71.6,64,1,9.82,US,1599973263
611,Ilia Prefecture,37.75,21.58,66.2,88,20,3.62,GR,1599973264
612,Republic,37.12,-93.48,66.0,93,1,3.22,US,1599973266
613,Nadadores,27.05,-101.6,82.99,55,87,5.01,MX,1599973267
614,Luganville,-15.53,167.17,77.0,94,90,11.41,VU,1599973268
615,Vanino,49.09,140.25,66.24,55,91,5.23,RU,1599973269
616,Trincomalee,8.57,81.23,86.85,63,100,14.18,LK,1599973271
617,Hue,16.47,107.6,96.8,50,20,5.82,VN,1599973068
618,Houma,29.6,-90.72,78.01,100,1,4.7,US,1599973198
619,Enid,36.4,-97.88,68.0,100,1,3.36,US,1599972994
620,Bereda,43.27,-7.54,64.99,100,17,1.99,ES,1599973275
621,Mabini,15.6,120.98,89.6,62,75,2.24,PH,1599973276
622,Almaznyy,48.04,40.05,59.0,44,0,15.66,RU,1599973278
623,Beringovskiy,63.05,179.32,48.63,94,100,31.07,RU,1599973279
624,Svetlaya,46.54,138.33,62.22,60,100,10.83,RU,1599973280
625,Yumen,40.28,97.2,67.14,22,59,15.75,CN,1599973282
626,Jamiltepec,16.28,-97.82,72.3,100,100,1.7,MX,1599973283
627,Sangmélima,2.93,11.98,65.3,98,99,2.44,CM,1599973284
628,Boyolangu,-8.12,111.89,84.92,56,100,12.59,ID,1599973285
629,Sharkan,57.3,53.87,51.01,87,15,1.01,RU,1599973287
630,Rockhampton,-23.38,150.5,78.8,47,40,9.17,AU,1599973288
631,Misratah,32.38,15.09,79.56,78,0,12.62,LY,1599973289
632,Tantangan,6.62,124.75,94.1,51,6,1.68,PH,1599973290
633,Cockburn Town,21.46,-71.14,83.46,72,37,12.35,TC,1599973212
634,Dukat,62.55,155.55,44.65,69,81,10.31,RU,1599973293
635,Ilebo,-4.32,20.58,72.3,86,0,0.63,CD,1599973294
636,Orël-Izumrud,43.46,39.92,75.0,60,0,6.71,RU,1599973295
637,Cayenne,4.93,-52.33,75.2,100,27,1.12,GF,1599972998
638,Qasigiannguit,68.82,-51.19,28.4,58,0,12.75,GL,1599973298
639,Port Blair,11.67,92.75,86.2,67,100,8.9,IN,1599973217
640,Utica,43.1,-75.23,64.4,63,90,9.17,US,1599973300
641,Tomatlán,19.93,-105.25,76.26,89,60,2.44,MX,1599973301
642,Troitskoye,52.98,84.68,59.95,48,0,6.04,RU,1599973302
643,Mehamn,71.04,27.85,46.06,77,99,4.99,NO,1599973304
644,Payo,-3.75,103.64,96.91,38,100,2.64,ID,1599973305
645,Manono,-7.3,27.42,78.12,39,73,3.13,CD,1599973306
646,Porbandar,21.64,69.61,86.0,84,75,11.41,IN,1599973131
647,Mitsamiouli,-11.38,43.28,78.17,74,0,4.7,KM,1599973308
648,Alyangula,-13.85,136.42,84.2,62,75,9.17,AU,1599973310
649,Los Llanos de Aridane,28.66,-17.92,71.6,78,20,3.36,ES,1599973311
650,Coahuayana Viejo,18.73,-103.68,78.39,85,40,2.04,MX,1599973312
651,Itambacuri,-18.03,-41.69,65.41,85,16,7.4,BR,1599973314
652,Kondinskoye,59.65,67.41,53.49,82,97,5.86,RU,1599973315
653,Salinópolis,-0.61,-47.36,79.63,85,39,11.25,BR,1599973317
654,Cabedelo,-6.98,-34.83,71.6,88,20,6.93,BR,1599973318
655,Dikson,73.51,80.55,43.66,93,99,15.03,RU,1599973320
656,Domoni,-12.26,44.53,77.49,78,26,8.52,KM,1599973321
657,Dunedin,-45.87,170.5,53.01,73,100,1.01,NZ,1599973322
658,Port Keats,-14.25,129.55,85.78,51,66,11.79,AU,1599973323
659,Caorle,45.6,12.88,66.0,85,7,10.63,IT,1599973325
660,Azle,32.9,-97.55,75.2,78,1,5.82,US,1599973326
661,Granja,-3.12,-40.83,72.9,87,28,7.23,BR,1599973327
662,Pangnirtung,66.15,-65.71,34.77,85,0,0.58,CA,1599973329
663,Fareydūnshahr,32.94,50.12,63.7,29,0,5.3,IR,1599973330
664,Tandaltī,13.02,31.87,78.21,72,100,6.87,SD,1599973331
665,Fortuna,40.6,-124.16,55.0,93,12,4.05,US,1599973332
666,Hollola,61.05,25.43,48.99,99,13,1.99,FI,1599973334
667,Gilleleje,56.12,12.31,57.0,89,100,19.51,DK,1599973335
668,Igrim,63.19,64.42,51.82,77,86,5.91,RU,1599973336
669,Valdosta,30.83,-83.28,77.0,83,1,5.82,US,1599973067
670,Varkala,8.73,76.71,84.2,83,75,3.36,IN,1599973339
671,Calamar,10.25,-74.91,77.16,91,92,3.83,CO,1599973340
672,Tanout,14.97,8.89,85.32,37,55,7.52,NE,1599973341
673,Punta Cardon,11.66,-70.22,83.84,77,27,15.99,VE,1599973342
674,Dubbo,-32.25,148.62,68.0,49,100,9.17,AU,1599973070
675,Goderich,43.75,-81.72,66.0,89,98,1.01,CA,1599973205
676,Waipawa,-41.41,175.52,57.2,71,97,25.28,NZ,1599973346
677,Doha,25.29,51.53,100.0,67,97,4.7,QA,1599973347
678,Mount Isa,-20.73,139.5,87.8,18,0,9.17,AU,1599973348
679,Akdepe,42.06,59.38,71.6,45,12,4.7,TM,1599973350
680,Bontang,0.13,117.5,80.47,83,100,8.77,ID,1599973351
681,Rasshevatskaya,45.57,41.03,68.02,44,0,15.68,RU,1599973352
682,Loviisa,60.46,26.23,50.0,93,8,3.0,FI,1599973353
683,Hita,33.32,130.93,81.0,69,40,13.87,JP,1599973355
684,Yashkul',46.17,45.34,66.78,36,0,13.47,RU,1599973356
685,San Policarpo,12.18,125.51,86.45,66,27,7.85,PH,1599973141
686,Kurchum,48.57,83.65,67.37,23,81,3.0,KZ,1599973358
687,Binzhou,37.37,118.02,79.83,53,89,8.72,CN,1599973360
688,Constitución,-35.33,-72.42,47.57,77,1,9.48,CL,1599973361
689,Salalah,17.02,54.09,80.6,78,20,2.24,OM,1599973307
690,Nogliki,51.83,143.17,63.59,64,13,3.51,RU,1599973363
691,Mariakani,-3.86,39.47,73.4,94,20,8.05,KE,1599973364
692,Sanmenxia,34.77,111.18,80.69,46,28,13.69,CN,1599973366
693,Catabola,-12.15,17.28,54.57,40,19,1.95,AO,1599973367
694,Sherlovaya Gora,50.57,116.25,62.65,58,80,21.25,RU,1599973368
695,Ergani,38.27,39.76,73.4,42,0,5.82,TR,1599973370
696,Seidu,9.02,-10.6,67.19,100,97,1.03,SL,1599973371
697,Anloga,5.79,0.9,71.6,94,40,4.7,GH,1599973372
698,Ismailia,30.6,32.27,75.31,75,0,2.75,EG,1599973331
699,Sonīpat,28.98,77.02,89.6,70,40,3.36,IN,1599973374
700,Soloneshnoye,51.65,84.32,66.25,32,0,1.77,RU,1599973376
701,Biloela,-24.42,150.5,77.52,42,44,9.44,AU,1599973377
702,Whitianga,-36.83,175.7,57.99,65,0,10.0,NZ,1599973378
703,Jinka,5.65,36.65,65.39,78,99,4.45,ET,1599973380
704,Moree,-29.47,149.85,77.0,25,91,6.93,AU,1599973218
705,Horsham,51.06,-0.33,57.99,100,75,1.12,GB,1599973382
706,Castelo do Piauí,-5.32,-41.55,76.44,40,57,7.43,BR,1599973384
707,Kidal,18.44,1.41,86.45,21,0,0.83,ML,1599973385
708,Bundaberg,-24.85,152.35,73.4,60,75,17.22,AU,1599973387
709,Shimoda,34.67,138.95,84.2,79,40,11.41,JP,1599973388
710,Safi,32.3,-9.24,68.52,87,96,3.09,MA,1599973390
711,Aberdeen,57.14,-2.1,53.6,93,100,8.05,GB,1599973303
712,Nueve de Julio,-35.44,-60.88,50.0,69,6,1.01,AR,1599973266
713,Jasper,37.2,-94.35,63.0,93,1,3.36,US,1599973393
714,Kingsport,36.55,-82.56,72.0,94,75,2.91,US,1599973311
715,Akdağmadeni,39.66,35.88,70.54,35,0,2.3,TR,1599973396
716,Soyo,-6.13,12.37,73.8,85,83,8.19,AO,1599973336
717,Varhaug,58.61,5.65,53.6,93,75,12.75,NO,1599973398
718,Vestmannaeyjar,63.44,-20.27,47.79,80,100,23.04,IS,1599973399
719,Ola,59.58,151.28,58.1,50,0,5.97,RU,1599973401
720,Barinas,8.62,-70.21,73.6,90,99,2.95,VE,1599973402
721,Khāsh,28.22,61.22,78.4,16,0,6.4,IR,1599973403
722,Iskateley,67.68,53.15,47.44,86,94,10.47,RU,1599973404
723,Kisangani,0.52,25.2,70.9,96,65,0.38,CD,1599973405
724,Moi,58.46,6.55,55.0,87,100,8.79,NO,1599973407
725,Acapulco de Juárez,16.86,-99.89,80.53,80,100,3.27,MX,1599973215
726,Borovskoy,53.8,64.15,55.02,77,97,8.34,KZ,1599973409
727,Priladozhskiy,59.85,31.48,55.0,91,67,17.36,RU,1599973411
728,Los Algarrobos,8.5,-82.43,78.01,86,100,1.01,PA,1599973412
729,Beckley,37.78,-81.19,68.0,88,90,9.17,US,1599973268
730,Saint-Pierre,-21.34,55.48,75.2,69,20,14.99,RE,1599973414
731,Sandakan,5.84,118.12,89.6,70,40,9.17,MY,1599973416
732,Trairi,-3.28,-39.27,77.41,75,46,15.01,BR,1599973418
733,Kysyl-Syr,63.9,122.76,50.36,95,100,5.46,RU,1599973419
734,Caxito,-8.58,13.66,71.6,88,75,5.82,AO,1599973420
735,Tamale,9.4,-0.84,72.99,95,100,9.22,GH,1599973421
736,Malé,4.17,73.51,86.0,79,75,13.87,MV,1599973423
737,Elizabethtown,37.69,-85.86,71.6,100,40,3.36,US,1599973424
738,Iisalmi,63.56,27.19,51.8,87,90,12.75,FI,1599973425
739,Santa Cruz de Tenerife,28.47,-16.25,71.01,93,90,6.93,ES,1599973395
740,Ierissos,40.4,23.88,68.0,65,0,1.99,GR,1599973427
741,Port Macquarie,-31.43,152.92,75.0,58,95,12.59,AU,1599973368
742,Kamyshevatskaya,46.41,37.96,66.45,40,0,18.54,RU,1599973430
743,Margate,51.38,1.39,59.0,97,57,1.01,GB,1599973431
744,Razvilnoye,46.24,41.3,67.41,33,0,15.68,RU,1599973433
745,Bongandanga,1.5,21.05,70.16,97,95,1.14,CD,1599973434
746,Carballo,43.21,-8.69,71.01,82,45,5.82,ES,1599973435
747,Kholmogory,64.22,41.66,50.0,100,90,6.71,RU,1599973437
748,Afşin,38.25,36.91,74.26,23,0,0.96,TR,1599973438
749,Krasnosel'kup,65.7,82.47,58.57,75,99,17.78,RU,1599973440
750,Tuma,55.15,40.55,51.01,71,9,4.0,RU,1599973441
751,Mt. Pleasant,32.79,-79.86,80.6,94,90,12.3,US,1599973430
752,Guatire,10.48,-66.54,77.0,88,40,2.24,VE,1599973443
753,Cocorit,27.58,-109.97,82.09,52,0,3.29,MX,1599973444
754,Suntar,62.14,117.63,54.37,71,100,6.8,RU,1599973446
755,Vardø,70.37,31.11,48.92,76,99,4.7,NO,1599973386
756,Bambanglipuro,-7.95,110.28,84.0,59,94,13.33,ID,1599973448
757,Bela,25.93,81.98,92.59,57,29,3.96,IN,1599973450
758,Asahikawa,43.77,142.37,60.8,48,75,14.99,JP,1599973452
759,Pangani,-5.43,38.97,76.89,76,69,8.05,TZ,1599973453
760,Loma Bonita,8.38,-80.17,81.0,99,90,11.05,PA,1599973454
761,Jalpan,21.23,-99.48,69.19,80,97,0.92,MX,1599973456
762,Cap Malheureux,-19.98,57.61,73.0,80,6,8.99,MU,1599973271
763,Port-Cartier,50.03,-66.87,46.99,93,40,3.36,CA,1599973458
764,Pokhara,28.23,83.98,81.41,70,24,5.77,NP,1599973460
765,Dubrovka,53.69,33.51,46.4,75,22,8.95,RU,1599973461
766,Turba,59.08,24.23,57.0,98,3,1.01,EE,1599973462
767,Liverpool,53.41,-2.98,64.4,72,20,16.11,GB,1599973397
768,Hailar,49.2,119.7,67.57,49,58,9.82,CN,1599973464
769,Cap-aux-Meules,47.38,-61.86,60.6,76,56,11.1,CA,1599973466
770,Dandong,40.13,124.39,73.0,76,52,5.14,CN,1599973467
771,Monywa,22.12,95.13,80.69,86,100,4.03,MM,1599973468
772,North Platte,41.12,-100.77,55.0,81,1,3.06,US,1599973470
773,Manado,1.49,124.85,80.6,78,40,6.93,ID,1599973471
774,Pundaguitan,6.37,126.17,84.22,69,95,2.04,PH,1599973472
775,Kiryat Gat,31.61,34.76,79.0,74,0,0.89,IL,1599973474
776,Syamzha,60.02,41.06,51.13,90,100,13.44,RU,1599973475
777,Sinazongwe,-17.26,27.46,67.35,43,0,3.42,ZM,1599973476
778,Grand Forks,47.93,-97.03,57.2,76,75,6.93,US,1599973208
779,Ranong,9.97,98.63,86.0,74,75,4.7,TH,1599973378
780,Avera,33.19,-82.53,75.2,94,1,8.05,US,1599973480
781,Natal,-5.79,-35.21,71.6,88,40,6.93,BR,1599973344
782,Caldwell,43.66,-116.69,60.8,63,1,3.36,US,1599973213
783,Bismarck,46.81,-100.78,62.01,67,1,1.92,US,1599973291
784,Tual,-5.67,132.75,79.61,79,17,18.45,ID,1599973484
785,Micheweni,-4.97,39.83,77.47,79,71,10.56,TZ,1599973486
786,Qaqortoq,60.72,-46.03,33.8,50,41,5.82,GL,1599973487
787,Khandyga,62.67,135.6,62.76,48,99,1.36,RU,1599973488
788,Grants,35.15,-107.85,53.6,50,1,3.65,US,1599973476
789,Staraya Kulatka,52.72,47.62,56.44,65,0,2.62,RU,1599973491
790,Alofi,-19.06,-169.92,75.2,69,14,12.75,NU,1599973492
791,Antequera,37.02,-4.56,75.0,64,100,6.93,ES,1599973494
792,Tadine,-21.55,167.88,72.12,66,72,13.76,NC,1599973495
793,Tankhoy,51.55,105.13,44.71,86,100,11.54,RU,1599973496
794,Evensk,61.95,159.23,54.66,48,89,22.46,RU,1599973498
795,Papillion,41.15,-96.04,57.0,93,1,1.79,US,1599973499
